{"Adagrad+Dropout": [{"test_loss": 1.5562536716461182, "test_acc": 0.5156000256538391}], "RMSprop+Dropout": [{"test_loss": 1.6157069206237793, "test_acc": 0.4878000020980835}], "RMSprop+Nesterov+Dropout": [{"test_loss": 2.303044080734253, "test_acc": 0.10000000149011612}], "Adadelta+Dropout": [{"test_loss": 1.730869174003601, "test_acc": 0.45730000734329224}], "Adam+Dropout": [{"test_loss": 1.6133182048797607, "test_acc": 0.4763999879360199}]}